{
  "/biography/Sachin-Tendulkar-94" : {
    "transaction" : "/biography/Sachin-Tendulkar-94",
    "sampleCount" : 224,
    "errorCount" : 0,
    "errorPct" : 0.0,
    "meanResTime" : 555.9107142857143,
    "medianResTime" : 255.5,
    "minResTime" : 155.0,
    "maxResTime" : 6469.0,
    "pct1ResTime" : 1183.0,
    "pct2ResTime" : 2374.0,
    "pct3ResTime" : 3737.5,
    "throughput" : 0.7510830349119489,
    "receivedKBytesPerSec" : 16.377307683763867,
    "sentKBytesPerSec" : 0.7367081459817058
  },
  "/biography/Sachin-Tendulkar/additional-info-146" : {
    "transaction" : "/biography/Sachin-Tendulkar/additional-info-146",
    "sampleCount" : 45,
    "errorCount" : 0,
    "errorPct" : 0.0,
    "meanResTime" : 267.8444444444445,
    "medianResTime" : 170.0,
    "minResTime" : 129.0,
    "maxResTime" : 1960.0,
    "pct1ResTime" : 491.19999999999993,
    "pct2ResTime" : 1040.6999999999982,
    "pct3ResTime" : 1960.0,
    "throughput" : 0.15502380476646527,
    "receivedKBytesPerSec" : 2.7879187688181672,
    "sentKBytesPerSec" : 0.1657456117497709
  },
  "/-48" : {
    "transaction" : "/-48",
    "sampleCount" : 225,
    "errorCount" : 0,
    "errorPct" : 0.0,
    "meanResTime" : 406.9155555555556,
    "medianResTime" : 212.0,
    "minResTime" : 148.0,
    "maxResTime" : 4545.0,
    "pct1ResTime" : 941.2000000000002,
    "pct2ResTime" : 1390.8999999999996,
    "pct3ResTime" : 3496.980000000004,
    "throughput" : 0.7509762691498949,
    "receivedKBytesPerSec" : 18.310519169712293,
    "sentKBytesPerSec" : 0.7312892176496111
  },
  "04_Click_on_Quick_Facts_Link" : {
    "transaction" : "04_Click_on_Quick_Facts_Link",
    "sampleCount" : 178,
    "errorCount" : 0,
    "errorPct" : 0.0,
    "meanResTime" : 896.9325842696628,
    "medianResTime" : 538.5,
    "minResTime" : 429.0,
    "maxResTime" : 7991.0,
    "pct1ResTime" : 1706.6999999999998,
    "pct2ResTime" : 2752.6499999999983,
    "pct3ResTime" : 5301.0500000000275,
    "throughput" : 0.6026543878656555,
    "receivedKBytesPerSec" : 11.76066786083085,
    "sentKBytesPerSec" : 0.6419701540069745
  },
  "/facts/Sachin-Tendulkar-161" : {
    "transaction" : "/facts/Sachin-Tendulkar-161",
    "sampleCount" : 178,
    "errorCount" : 0,
    "errorPct" : 0.0,
    "meanResTime" : 896.9325842696628,
    "medianResTime" : 538.5,
    "minResTime" : 429.0,
    "maxResTime" : 7991.0,
    "pct1ResTime" : 1706.6999999999998,
    "pct2ResTime" : 2752.6499999999983,
    "pct3ResTime" : 5301.0500000000275,
    "throughput" : 0.6026543878656555,
    "receivedKBytesPerSec" : 11.76066786083085,
    "sentKBytesPerSec" : 0.6419701540069745
  },
  "Total" : {
    "transaction" : "Total",
    "sampleCount" : 1345,
    "errorCount" : 0,
    "errorPct" : 0.0,
    "meanResTime" : 444.71895910780694,
    "medianResTime" : 219.0,
    "minResTime" : 22.0,
    "maxResTime" : 7991.0,
    "pct1ResTime" : 959.6000000000004,
    "pct2ResTime" : 1605.8000000000034,
    "pct3ResTime" : 3598.7999999999993,
    "throughput" : 4.485247038736527,
    "receivedKBytesPerSec" : 67.38073153399617,
    "sentKBytesPerSec" : 16.42550756551962
  },
  "03_click_on_References_Link" : {
    "transaction" : "03_click_on_References_Link",
    "sampleCount" : 45,
    "errorCount" : 0,
    "errorPct" : 0.0,
    "meanResTime" : 267.8444444444445,
    "medianResTime" : 170.0,
    "minResTime" : 129.0,
    "maxResTime" : 1960.0,
    "pct1ResTime" : 491.19999999999993,
    "pct2ResTime" : 1040.6999999999982,
    "pct3ResTime" : 1960.0,
    "throughput" : 0.15502380476646527,
    "receivedKBytesPerSec" : 2.7879187688181672,
    "sentKBytesPerSec" : 0.1657456117497709
  },
  "01_Launch_URL" : {
    "transaction" : "01_Launch_URL",
    "sampleCount" : 225,
    "errorCount" : 0,
    "errorPct" : 0.0,
    "meanResTime" : 406.9155555555556,
    "medianResTime" : 212.0,
    "minResTime" : 148.0,
    "maxResTime" : 4545.0,
    "pct1ResTime" : 941.2000000000002,
    "pct2ResTime" : 1390.8999999999996,
    "pct3ResTime" : 3496.980000000004,
    "throughput" : 0.7505228642621027,
    "receivedKBytesPerSec" : 18.299464121462954,
    "sentKBytesPerSec" : 0.7308476988968982
  },
  "/search-84" : {
    "transaction" : "/search-84",
    "sampleCount" : 225,
    "errorCount" : 0,
    "errorPct" : 0.0,
    "meanResTime" : 407.0533333333331,
    "medianResTime" : 209.0,
    "minResTime" : 148.0,
    "maxResTime" : 3752.0,
    "pct1ResTime" : 842.8,
    "pct2ResTime" : 1232.0999999999995,
    "pct3ResTime" : 3432.480000000001,
    "throughput" : 0.7541351745403966,
    "receivedKBytesPerSec" : 9.212212852558194,
    "sentKBytesPerSec" : 0.7423452661259238
  },
  "/topic-content/topic/648271-114" : {
    "transaction" : "/topic-content/topic/648271-114",
    "sampleCount" : 223,
    "errorCount" : 0,
    "errorPct" : 0.0,
    "meanResTime" : 496.13901345291464,
    "medianResTime" : 228.0,
    "minResTime" : 146.0,
    "maxResTime" : 7444.0,
    "pct1ResTime" : 1008.9999999999998,
    "pct2ResTime" : 1825.9999999999986,
    "pct3ResTime" : 5240.039999999989,
    "throughput" : 0.7516364102114693,
    "receivedKBytesPerSec" : 9.015377631991399,
    "sentKBytesPerSec" : 0.6898371984606622
  },
  "/cdn-cgi/rum?-141" : {
    "transaction" : "/cdn-cgi/rum?-141",
    "sampleCount" : 223,
    "errorCount" : 0,
    "errorPct" : 0.0,
    "meanResTime" : 30.730941704035885,
    "medianResTime" : 28.0,
    "minResTime" : 22.0,
    "maxResTime" : 261.0,
    "pct1ResTime" : 36.0,
    "pct2ResTime" : 41.0,
    "pct3ResTime" : 131.47999999999934,
    "throughput" : 0.7546122714167761,
    "receivedKBytesPerSec" : 0.2800318975960692,
    "sentKBytesPerSec" : 12.926277680396323
  },
  "01_Search" : {
    "transaction" : "01_Search",
    "sampleCount" : 225,
    "errorCount" : 0,
    "errorPct" : 0.0,
    "meanResTime" : 1482.6888888888886,
    "medianResTime" : 877.0,
    "minResTime" : 174.0,
    "maxResTime" : 8106.0,
    "pct1ResTime" : 3494.8,
    "pct2ResTime" : 5142.599999999998,
    "pct3ResTime" : 7843.880000000008,
    "throughput" : 0.7539128074707733,
    "receivedKBytesPerSec" : 34.81503246641738,
    "sentKBytesPerSec" : 14.963601848803625
  }
}